product_title,Brand,RAM,Storage SSD,Windows,Color,Price,Rating,Processor,Screen
"HP OmniBook 7 OLED, Intel Core Ultra 5 255H (16GB LPDDR5,1TB SSD), 3K, 0.2 ms, Micro-Edge, 14''/35.6cm, Win 11, M365, Office 24, Meteor Silver,1.5kg, fr0789TU, 5MP Camera w/Shutter, Backlit AI Laptop",HP,16GB,16GB ,Windows 11,,86490,3.7,,
"HP OmniBook X Flip OLED (Previously Envy), Intel Core Ultra 5 226V, 40 Tops, (16GB LPDDR5X, 512GB SSD) 3K, 14''/35.6cm, Touch, Win11, Office24, Silver,1.38kg, fm0058TU, 5MP Camera, Next Gen AI Laptop",HP,16GB,16GB ,Windows 11,,108990,3.8,,
"HP 15, 13th Gen Intel Core i3-1315U (12GB DDR4, 512GB SSD) FHD, Anti-Glare, Micro-Edge, 15.6''/39.6cm, Win11, M365 Basic(1yr)* Office24, Silver, 1.59kg, fd0573TU, FHD Camera w/Shutter Laptop",HP,12GB,12GB ,Windows 11,,41990,4.1,i3,
"EBook 11.6"" HD Laptop | Best Student & Office Work Laptop | Celeron N4020 | 4GB DDR4 | 128GB eMMC + M.2 SSD Expandable Slot | Win 11 Home |31Wh Battery | UHD Graphics 600 | Black",EBook,4GB,4GB ,Windows 11,,10990,3.5,,
"JioBook 11 with Lifetime Office | Android 4G Laptop Mediatek 8788 (JioOS) | Octa-core | 4GB RAM | 64 eMMC Storage | Thin and Light Laptop (11.6 inch, 990 Grams) | Dual Band WiFi + SIM | Blue",JioBook,4GB,4GB ,,,10990,2.9,,
"MSI Thin 15, Intel 13th Gen. Core i5-13420H, 40CM FHD 144Hz Gaming Laptop(16GB/512GB NVMe SSD/Windows 11 Home/NVIDIA GeForce RTX 3050,GDDR6 4GB/Cosmos Gray/1.86Kg), B13UC-1805IN",MSI,16GB,16GB,Windows 11,,60525,4.2,i5,
"ASUS Vivobook 15, Smartchoice, AMD Ryzen 7 5825U, 16GB RAM, 512GB SSD, FHD 15.6"", Windows 11, Office Home 2024, Quiet Blue, 1.7Kg, M1502YA-BQ703WS, AMD Radeon iGPU, M365 Basic (1Year)*, 42Whr Laptop",ASUS,16GB,16GB ,Windows 11,,48990,4.3,Ryzen 7,
"Lenovo {SmartChoice)Chromebook Intel Celeron N4500 (4GB RAM/64GB eMMC 5.1/11.6 Inch (29.46cm)/HD Display/2Wx2 Stereo Speakers/HD Camera/Chrome OS/Blue/1.21Kg), 82UY0014HA",Lenovo,4GB,4GB ,,,,3.9,,11.6
"HP 15, AMD Ryzen 3 7320U (8GB DDR4, 512GB SSD) FHD, Anti-Glare, Micro-Edge, 15.6''/39.6cm, Win11, M365 Basic(1yr)* Office24, Silver, 1.59kg, fc0500AU, FHD Camera w/Privacy Shutter Laptop",HP,8GB,8GB ,Windows 11,,36990,4.0,Ryzen 3,
"acer Aspire Go 14,14th Gen, Intel Core Ultra 5 125H, 16GB DDR5, 512GB, WUXGA IPS, 14.0""/35.56cm, Win 11, MS Office, Steel Gray, 1.5 kg, AG14-71M, Backlit KB, AI Powered Laptop",acer,16GB,16GB ,Windows 11,,54427,3.6,,
"Lenovo IdeaPad Slim 3 13th Gen Core i7-13620H 15.3"" (38.8cm) WUXGA IPS Laptop (24GB RAM/1TB SSD/Win 11/Office 2024/Backlit/1Yr ADP Free/Top Metal Cover & IR Camera/Grey/1.6Kg),83K100TEIN",Lenovo,24GB,24GB ,Windows 11,,90990,4.1,i7,
"Lenovo IdeaPad 5 2-in-1 Convertible Laptop, Intel Core i7-13620H, 13th Gen, 16GB RAM, 512GB SSD, WUXGA OLED 400Nit, 14""/35.5cm, Windows 11, Office Home 2024, Grey, 1.5kg, 83KX004RIN, FPR, 1Yr ADP Free",Lenovo,16GB,16GB ,Windows 11,,88800,4.2,i7,
"Dell 15, Intel Core i5 13th Gen-1334U Processor, 16GB DDR4, 512GB SSD, FHD, 15.6""/39.62cm, Windows 11, MSO 2024, Grey, 1.66kg, [Vostro 3530], 120Hz 250 nits, 15 Month McAfee, Thin & Light, Laptop",Dell,16GB,16GB ,Windows 11,,56990,3.7,i5,
"Lenovo V15 Intel Core i3 13th Gen (16GB RAM/512GB SSD/Windows 11 Home/Office 2024/Iron Grey) 15.6"" FHD (1920x1080) Antiglare 250 Nits Thin & Light Laptop/1Y Onsite/1.65 kg, 83CCA08KIN",Lenovo,16GB,16GB ,Windows 11,,48990,3.9,i3,
"acer Nitro V 15, AMD Ryzen 7-7445HS, NVIDIA GeForce RTX 4050-6 GB, 16GB DDR5, 512GB SSD, FHD IPS, 15.6""/39.62cm, 165Hz, Win 11 Home, Obsidian Black, 2.1KG, ANV15-42, Gaming Laptop",acer,6GB,6 GB,Windows 11,,76990,3.7,Ryzen 7,
"Lenovo IdeaPad Slim 3, 12th Gen Intel Core i5-12450H (16GB LPDDR5, 512GB SSD), Anti-glare, FHD 15.6""(39.6cm), Win 11, Office Home 2024, Arctic Grey, 1.62Kg, 83ER00MDIN, Thin & Light, Backlit KB Laptop",Lenovo,16GB,16GB ,Windows 11,,51525,4.2,i5,
"BrowseBook 14.1"" FHD IPS Laptop | Best Student & Office Work Laptop | Celeron N4020 | 4GB RAM | 128GB SSD | Windows 11 | 38Wh | 1.3kg | Grey",BrowseBook,4GB,4GB ,Windows 11,,12990,3.0,,
"ASUS Gaming V16 (2025) 14th Gen,Intel Core 7 240H Gaming Laptop (RTX 4050-6GB/16GB RAM/512GB SSD/Windows 11 Home/16/144Hz/M365*/Office Home 2024, Matte Black,1.95 Kg),V3607VU-RP275WS",ASUS,6GB,6GB,Windows 11,,92990,4.2,,
"HP OmniBook 5 OLED (Previously Pavilion), Snapdragon X Processor (16GB LPDDR5x, 512GB SSD) 2K, 14''/35.6cm, Win11, M365 Basic(1yr)* Office24, Silver, 1.35kg, he0014QU, Light-Weight, Next-Gen AI Laptop",HP,16GB,16GB ,Windows 11,,66990,4.1,,
"ASUS TUF A16 (2025), AMD Ryzen 7 7445HS, Gaming Laptop (RTX 4050-6GB/140W TGP/16GB RAM/1TB SSD/FHD+/16""/144Hz/56Whrs/Windows 11/M365 Basic (1Year)*/Office Home 2024/Mecha Gray/2.2Kg) FA607NUG-RL189WS",ASUS,6GB,6GB,Windows 11,,89990,4.1,Ryzen 7,
"Dell 15, Intel Core i5 13th Gen-1334U, 16GB RAM, 1TB SSD, FHD, 15.6""/39.62cm, Windows 11, MSO 2024, Silver, 1.62kg, [Dell 15], Backlit Keyboard, 15 Month McAfee, Thin & Light, Laptop",Dell,16GB,16GB ,Windows 11,,57926,3.7,i5,
"Lenovo ThinkPad E14 Intel Core i7 13th Gen 14"" WUXGA IPS 300 Nits Thin and Light Laptop (16GB RAM/1TB SSD/Windows 11 Home/Backlit Keyboard/FPR/Black/1Y Onsite/1.41 kg), 21JKS1CT00",Lenovo,16GB,16GB ,Windows 11,,94990,3.7,i7,
"Dell 15, Intel Core i5 13th Gen-1334U, 16GB RAM, 1TB SSD, FHD, 15.6""/39.62cm, Windows 11, MSO 2024, Silver, 1.62kg, [Dell 15], Backlit Keyboard, 15 Month McAfee, Thin & Light, Laptop",Dell,16GB,16GB ,Windows 11,,57926,3.7,i5,
"Lenovo IdeaPad Slim 3 13th Gen Core i7-13620H 15.3"" (38.8cm) WUXGA IPS Laptop (24GB RAM/1TB SSD/Win 11/Office 2024/Backlit/1Yr ADP Free/Top Metal Cover & IR Camera/Grey/1.6Kg),83K100TEIN",Lenovo,24GB,24GB ,Windows 11,,90990,4.1,i7,
"ASUS Vivobook 14, Intel Core i3 13th Gen 1315U, 8GB RAM, 512GB SSD, FHD 14"", Windows 11, Office Home 2024, Cool Silver, 1.40kg, X1404VA-NK761WS, Intel UHD, M365 Basic (1Year)*, Backlit Keyboard Laptop",ASUS,8GB,8GB ,Windows 11,,36675,3.9,i3,
"ASUS TUF A16 (2025), AMD Ryzen 7 7445HS, Gaming Laptop (RTX 4050-6GB/140W TGP/16GB RAM/1TB SSD/FHD+/16""/144Hz/56Whrs/Windows 11/M365 Basic (1Year)*/Office Home 2024/Mecha Gray/2.2Kg) FA607NUG-RL189WS",ASUS,6GB,6GB,Windows 11,,89990,4.1,Ryzen 7,
Thomson NEO 14.1 Inch IN-N14C Intel Celeron Dual Core N4020 Processor Windows 11 Home Notebook (8 GB RAM DDR4/ 256 GB SSD/Thin & Light Weight/Silver/Non Stop Performance Beyond 15 Hrs),Thomson,8GB,8 GB ,Windows 11,,17990,4.5,,14.1
"HP 15 Consumer Series Laptop, Intel Core i3-1315U (13th Gen) 12GB DDR4 RAM,512GB NVMe SSD/ 15.6'' FHD Anti-Glare, Micro-Edge, Win11, M365 Basic(1yr)* Office24, Silver,1.59kg, FHD Camera with Shutter",HP,12GB,12GB ,Windows 11,,41990,4.1,i3,
"ASUS TUF A15 (2025), AMD Ryzen 7 7445HS, Gaming Laptop(RTX 3050,75W TGP,16GB DDR5(Upgradeable Upto 64GB )512GB SSD,FHD,15.6"",144Hz,RGB Keyboard,48Whrs,Windows 11,Graphite Black,2.3 Kg) FA506NCG-HN199W",ASUS,16GB,16GB ,Windows 11,,66990,4.2,Ryzen 7,
"MSI Raider 18, Intel Series 2 Core Ultra 9 285HX, 46cm UHD+ 120Hz Gaming Laptop (64GB/4TB NVMe SSD/Windows 11 Home/NVIDIA GeForce RTX 5090, GDDR7 24GB/Core Black/3.6Kg) A2XWJG-253IN",MSI,64GB,64GB,Windows 11,,499990,3.0,,
"Lenovo Smartchoice Ideapad Slim 3, 13th Gen Intel Core i7 13620H, 16GB RAM, 512GB SSD, WUXGA IPS, 15.3""/38.8cm, Win 11, Office 2024, Top Metal Cover Grey, 1.6Kg, 83K100CJIN/S1IN, Backlit KB, Laptop",Lenovo,16GB,16GB ,Windows 11,,75990,4.2,i7,
"ASUS Gaming V16 (2025), 14th Gen,Intel Core 7 240H Gaming Laptop(RTX 5050-8GB/16GB RAM/512GB SSD/FHD+/16""/144Hz/Backlit Keyboard/Windows 11/M365*/Office Home 2024/Matte Black/1.95 Kg) V3607VH-RP038WS",ASUS,8GB,8GB,Windows 11,,99990,5.0,,
"Lenovo ThinkPad E14 Intel Core i7 13th Gen 14"" WUXGA IPS 300 Nits Thin and Light Laptop (16GB RAM/512GB SSD/DOS/Backlit Keyboard/Fingerprint/Arctic Grey/ 1Y Onsite/1.41 kg), 21JKS1FR00",Lenovo,16GB,16GB ,,,82490,4.0,i7,
"Lenovo ThinkPad E14 Intel Core i7 13th Gen 14"" WUXGA IPS 300 Nits Thin and Light Laptop (16GB RAM/1TB SSD/Windows 11 Home/Backlit Keyboard/FPR/Black/1Y Onsite/1.41 kg), 21JKS1CT00",Lenovo,16GB,16GB ,Windows 11,,94990,3.7,i7,
"ASUS Vivobook 15, Smartchoice,Intel Corei5 13thGen 13420H, 16GB RAM, 512GB SSD, FHD 15.6"", Win11, Office Home'24, M365 Basic (1Year)*, Cool Silver, 1.70kg, X1502VA-BQ835WS, Intel UHD iGPU, Laptop",ASUS,16GB,16GB ,Windows 11,,58990,4.2,i5,
"ASUS Vivobook 15, Intel Core i3 13th Gen 1315U, 16GB RAM, 512GB SSD, FHD 15.6"", Touchscreen, Win11, Office Home 2024, M365 Basic (1Year)*, Quiet Blue, 1.7Kg, X1504VA-E83959WS, Intel UHD iGPU, Laptop",ASUS,16GB,16GB ,Windows 11,,44990,4.2,i3,
"Lenovo Yoga Slim 7, Intel Core Ultra 5 125H, 16GB RAM, 512GB SSD, AI PC, WUXGA-OLED, 14""/35.5cm, Windows 11, Microsoft 365 Basic + Office 2024, Grey, 1.39Kg, 83CV00DFIN, AI Powered Laptop",Lenovo,16GB,16GB ,Windows 11,,84990,4.3,,
"HP 14s Intel Celeron Dual Core N4500 Laptop (8GB/512GB SSD/Win 11) 14.0"" HD Display, MSO 24, Black, 1.46kg, DQ3149TU Thin and Light Business Laptop",HP,8GB,8GB,Windows 11,,28690,3.3,,
"HP 15 Laptop, AMD Ryzen 7 5825U [16GB DDR4,512GB SSD] [Win11, Office Home'2024/M365 Basic(1yr)*] [Anti-Glare,Micro-Edge,15.6''/39.6cm FHD]Silver,1.59kg [Backlit KB+FHD Camera+Radeon Graphics] fc0533AU",HP,16GB,16GB ,Windows 11,,49990,3.9,Ryzen 7,
"HP Pavilion x360, 13th Gen Intel Core i5-1335U (16GB DDR4, 1TB SSD) FHD, 14''/35.6 cm, Touchscreen 2-in-1, Win 11, Office 21, Silver, 1.51 kg, ek1010TU/1149tu, FPR, 5MP Camera, B&O, Backlit Laptop",HP,16GB,16GB ,Windows 11,,77490,3.9,i5,
"ASUS Vivobook Go 14, AMD Ryzen 3 7320U, 8GB RAM, 512GB SSD, FHD 14"", Windows 11, Office Home 2024, Mixed Black, 1.38 kg, E1404FA-NK3325WS, AMD Radeon iGPU, M365 Basic (1Year)*, Thin & Light Laptop",ASUS,8GB,8GB ,Windows 11,,34790,4.1,Ryzen 3,
"HP 15, 13th Gen Intel Core i7-1355U (16GB DDR4, 512GB SSD) FHD, Anti-Glare, 15.6’’/39.6cm, Win11, M365(1yr)* Office 24, Silver, 1.59kg, Iris Xe, FHD Camera w/Shutter, Backlit Laptop fd0468tu/fd0515tu",HP,16GB,16GB ,Windows 11,,67990,4.0,i7,
"Lenovo IdeaPad 3, Intel Core i3-1215U, 12th Gen, 8GB RAM, 512GB SSD, FHD, 14""/35.5cm, Windows 11, MSOffice 2021, Arctic Grey, 1.43Kg, 82RJ00FUIN, 1 Year Warranty, 3months Game Pass, Thin& Light Laptop",Lenovo,8GB,8GB ,Windows 11,,40990,3.8,i3,
"New Microsoft Surface Laptop5 15"" Intel evo 12 Gen i7 / 8GB / 256GB Platinum with Windows 11 Home, Microsoft 365 Family 30-Day Trial & Xbox Game Pass Ultimate 30-Day Trial",New,8GB,8GB ,Windows 11,,97990,3.1,i7,
"Dell 15, Intel Core i5 13th Gen-1334U, 16GB RAM, 1TB SSD, FHD, 15.6""/39.62cm, Windows 11, MSO 2024, Silver, 1.62kg, [Dell 15], Backlit Keyboard, 15 Month McAfee, Thin & Light, Laptop",Dell,16GB,16GB ,Windows 11,,57926,3.7,i5,
"Lenovo IdeaPad Slim 3 13th Gen Core i7-13620H 15.3"" (38.8cm) WUXGA IPS Laptop (24GB RAM/1TB SSD/Win 11/Office 2024/Backlit/1Yr ADP Free/Top Metal Cover & IR Camera/Grey/1.6Kg),83K100TEIN",Lenovo,24GB,24GB ,Windows 11,,90990,4.1,i7,
"ASUS Vivobook Go 14, AMD Ryzen 3 7320U, 8GB RAM, 512GB SSD, FHD 14"", Windows 11, Office Home 2024, Mixed Black, 1.38 kg, E1404FA-NK3325WS, AMD Radeon iGPU, M365 Basic (1Year)*, Thin & Light Laptop",ASUS,8GB,8GB ,Windows 11,,34790,4.1,Ryzen 3,
"HP Victus, 14th Gen Intel Core i5-14450HX, 6GB RTX 3050, 24GB DDR5, 512GB SSD, FHD, 144Hz, IPS, 300 nits, 15.6''/39.6cm, Win11, M365* Office24, Mica Silver, 2.3kg, fa2303tx, RGB Gaming Laptop",HP,6GB,6GB ,Windows 11,,80490,3.9,i5,
"HP Victus, AMD Ryzen 7 7445HS, 4GB RTX 2050, 16GB DDR5(Upgradable) 512GB SSD, FHD, 144Hz, 300 nits, IPS, 15.6''/39.6cm, Win11, M365* Office24, Mica Silver, 2.29kg, fb3123AX, Backlit, Gaming Laptop",HP,4GB,4GB ,Windows 11,,62990,4.3,Ryzen 7,
"HP Smartchoice Victus, 13th Gen Intel Core i7-13620H, 8GB RTX 5050, 24GB DDR5(Upgradeable) 1TB SSD, 144Hz, FHD, 15.6''/39.6cm, Win11, M365* Office24, Mica Silver, 2.29kg, fa2309TX, RGB Gaming Laptop",HP,8GB,8GB ,Windows 11,,105990,4.0,i7,
"HP 15, Intel Core Ultra 5 125H (16GB DDR5, 1TB SSD) FHD, IPS, 15.6''/39.6cm, Win11, M365 Basic(1yr)*Office24, Silver, 1.65kg, fd1354TU, Intel Arc Graphics, FHD Camera w/Shutter, AI Powered Laptop",HP,16GB,16GB ,Windows 11,,69990,4.0,,
"Walker Best Student & Office Work Laptop|Thin & Light|15.6"" 1920 * 1080 Resolution FHD IPS Display |8GB RAM,256 GB SSD|Intel Celeron Processor N4020 | Windows 11 Home |Silver",Walker,8GB,8GB ,Windows 11,,16990,3.0,,
"HP 14, Intel Core Ultra 7 155H (24GB DDR5, 1TB SSD), Micro-Edge, Anti-Glare, FHD, 14''/35.6cm, Win11, M365* Office24, Silver, 1.4kg, ep1181TU, FHD Camera, Backlit Laptop",HP,24GB,24GB ,Windows 11,,84800,3.0,,
"HP Victus, 13th Gen Intel Core i7-13620H, 8GB RTX 5060, 24GB DDR5(Upgradeable) 1TB SSD, 144Hz, 300nits, IPS, FHD, 15.6""/39.6cm, Win11, M365* Office 24, Mica Silver, 2.29Kg, fa2308TX, RGB Gaming Laptop",HP,8GB,8GB ,Windows 11,,119490,4.2,i7,
"Lenovo IdeaPad 5 2-in-1 Convertible Laptop, Intel Core i7-13620H, 13th Gen, 16GB RAM, 512GB SSD, WUXGA OLED 400Nit, 14""/35.5cm, Windows 11, Office Home 2024, Grey, 1.5kg, 83KX004RIN, FPR, 1Yr ADP Free",Lenovo,16GB,16GB ,Windows 11,,88800,4.2,i7,
"Lenovo ThinkPad E14 Intel Core i7 13th Gen 14"" WUXGA IPS 300 Nits Thin and Light Laptop (16GB RAM/512GB SSD/DOS/Backlit Keyboard/Fingerprint/Arctic Grey/ 1Y Onsite/1.41 kg), 21JKS1FR00",Lenovo,16GB,16GB ,,,82490,4.0,i7,
"ASUS Zenbook 14,Intel Core Ultra 7 (Series 2), Intel Arc iGPU,32GB,1TB,3K OLED Touch Screen,14"",Windows 11,M365 Basic (1Year)*,Office 2024,Ponder Blue,1.28 kg UX3405CA-PZ163WS, Thin & Light Laptop",ASUS,32GB,32GB,Windows 11,,114990,4.1,,
"HP Omen, 14th Gen Intel Core i9-14900HX, 8GB RTX 5060, 24GB DDR5(Upgradeable) 1TB SSD, 165Hz, 2k WUXGA, 3ms, 400 nits, 16''/40.6cm, Win11, M365* Office24, Black, 2.43kg, am0279TX, RGB, Gaming Laptop",HP,8GB,8GB ,Windows 11,,164490,3.6,i9,
"HP 15, 13th Gen Intel Core i5-1335U (16GB DDR4,512GB SSD) FHD, Anti-Glare,Micro-Edge, 15.6''/39.6cm, Win11, M365(1yr)* Office24, Silver,1.59kg, fd0467tu, Iris Xe, FHD Camera w/Shutter, Backlit Laptop",HP,16GB,16GB ,Windows 11,,54990,3.9,i5,
Thomson NEO 14.1 Inch IN-P14C Intel Celeron Dual Core N4020 Processor & Window 11 Notebook (8 GB RAM DDR4/ 256 GB SSD/Numeric Touch Pad/1MP Webcam/Silver),Thomson,8GB,8 GB ,,,14990,3.0,,14.1
"Dell 15, Intel Core i3 13th Gen -1305U, 16GB DDR4, 512GB SSD, FHD, 15.6""/39.6cm, Windows 11, Office H&S 2024, Carbon Grey, 1.66Kg, [Vostro 3530], Intel UHD Graphics, Narrow Border, Thin & Light Laptop",Dell,16GB,16GB ,Windows 11,,42990,3.9,i3,
"HP Smartchoice OmniBook 5 (Previously Pavilion) 50 TOPS, AMD Ryzen AI 7 350 (16GB LPDDR5X, 512GB SSD) WUXGA 2K, Touch, 16''/40.6cm, Win11,Office24, Silver, 1.8kg, ag1048au, Next-Gen AI Copilot+ Laptop",HP,16GB,16GB ,Windows 11,,80990,4.0,,
"HP Omen, Intel Core Ultra 9 285H, 8GB RTX 5070, 32GB DDR5, 1TB SSD, 165Hz, 2k WUXGA, 3ms, 400 nits, 16''/40.6cm, Win11, M365* Office24, Black, 2.42kg, an0012TX, Unleashed Mode, RGB, AI Gaming Laptop",HP,8GB,8GB ,Windows 11,,177990,4.5,,
"acer Aspire 3, Intel Core Celeron N4500, 12GB LPDDR4X RAM, 512GB SSD, HD, 15.6""/39.62cm, Windows 11 Home, Pure Silver, 1.5KG, A325-45, Thin and Light Laptop",acer,12GB,12GB ,Windows 11,,31999,3.4,,
"Lenovo IdeaPad Slim 3, 12th Gen Intel Core i5-12450H (16GB LPDDR5, 512GB SSD), Anti-glare, FHD 15.6""(39.6cm), Win 11, Office Home 2024, Arctic Grey, 1.62Kg, 83ER00MDIN, Thin & Light, Backlit KB Laptop",Lenovo,16GB,16GB ,Windows 11,,51525,4.2,i5,
Ultimus APEX5 Laptop Intel core i5 12th Gen 1235U Laptop 8GB RAM 512GB SSD Expandable~1TB FHD IPS 14.1 Win 11 Home ‎DDR4 SDRAM 3xUSB ‎SD Card Slot Iris Xe Graphics MS Office 365 (Trial) Silver,Ultimus,8GB,8GB ,Windows 11,,33990,3.7,i5,
"Dell 15, Intel Core i5 13th Gen-1334U, 16GB RAM, 1TB SSD, FHD, 15.6""/39.62cm, Windows 11, MSO 2024, Silver, 1.62kg, [Dell 15], Backlit Keyboard, 15 Month McAfee, Thin & Light, Laptop",Dell,16GB,16GB ,Windows 11,,57926,3.7,i5,
"Lenovo IdeaPad Slim 3 13th Gen Core i7-13620H 15.3"" (38.8cm) WUXGA IPS Laptop (24GB RAM/1TB SSD/Win 11/Office 2024/Backlit/1Yr ADP Free/Top Metal Cover & IR Camera/Grey/1.6Kg),83K100TEIN",Lenovo,24GB,24GB ,Windows 11,,90990,4.1,i7,
Microsoft New Surface Pro (11th Edition) - Windows 11 Home Copilot + PC - 13” OLED PixelSense Touchscreen - Qualcomm Snapdragon X Elite (12 Core) - 32GB RAM - 1TB SSD - Platinum - ZID-00014,Microsoft,32GB,32GB ,Windows 11,,243990,2.9,,
"HP Smartchoice OmniBook 5 (Previously Pavilion) 50 TOPS, AMD Ryzen AI 7 350 (16GB LPDDR5X, 512GB SSD) WUXGA 2K, Touch, 16''/40.6cm, Win11,Office24, Silver, 1.8kg, ag1048au, Next-Gen AI Copilot+ Laptop",HP,16GB,16GB ,Windows 11,,80990,4.0,,
"HP Omen, AMD Ryzen 9 8940HX, 8GB RTX 5070, 24GB DDR5(Upgradeable) 1TB SSD, 240Hz, 2k WUXGA, 3ms, 400 nits, 16''/40.6cm, Win11, M365* Office24, Black, 2.44kg, ap0182AX, RGB, AI Gaming Laptop",HP,8GB,8GB ,Windows 11,,169990,4.2,Ryzen 9,
"HP 15, Intel Core Ultra 5 125H (16GB DDR5, 1TB SSD) FHD, IPS, 15.6''/39.6cm, Win11, M365 Basic(1yr)*Office24, Silver, 1.65kg, fd1354TU, Intel Arc Graphics, FHD Camera w/Shutter, AI Powered Laptop",HP,16GB,16GB ,Windows 11,,69990,4.0,,
"Lenovo Yoga Slim 7 (Smartchoice) Intel Core Ultra 9 185H 14""(35.5cm) WUXGA-OLED Laptop (32GB RAM/1TB SSD/AI PC/Windows 11/Microsoft 365 Basic + Office Home 2024/1Yr ADP Free/Grey/1.39Kg), 83CV00B3IN",Lenovo,32GB,32GB ,Windows 11,,109990,4.1,,
"ASUS Vivobook 15, Intel Core i7 13th Gen 13620H, 16GB RAM, 512GB SSD, FHD 15.6"", Windows 11, Office Home 2024, Quiet Blue, 1.70kg, X1502VA-BQ838WS, Intel UHD iGPU, M365 Basic (1Year)* Laptop",ASUS,16GB,16GB ,Windows 11,,63990,4.0,i7,
"ASUS Gaming V16, Intel Core 7 240H Gaming Laptop(RTX 5060-8GB/16GB RAM/512GB SSD/FHD+/16""/144Hz/Backlit Keyboard/Windows 11/M365 Basic (1Year)*/Office Home 2024/Matte Black/1.95 Kg) V3607VM-RP057WS",ASUS,8GB,8GB,Windows 11,,109990,4.1,,
"ASUS Vivobook Go 15, 7000 Series, AMD Ryzen 3 7320U, 8 GB RAM, 512GB SSD, FHD, Anti-Glare, 15.6"", 39.6 cm, Windows 11 Home, M365 Basic(1yr)* Office24, Cool Silver, 1.63 kg, E1504FA-BQ2321WS, Laptop",ASUS,8GB,8 GB ,Windows 11,,34990,4.0,Ryzen 3,
"Lenovo ThinkPad E14 Intel Core i7 13th Gen 14"" WUXGA IPS 300 Nits Thin and Light Laptop (16GB RAM/512GB SSD/DOS/Backlit Keyboard/Fingerprint/Arctic Grey/ 1Y Onsite/1.41 kg), 21JKS1FR00",Lenovo,16GB,16GB ,,,82490,4.0,i7,
"Lenovo ThinkPad E14 Intel Core i7 13th Gen 14"" WUXGA IPS 300 Nits Thin and Light Laptop (16GB RAM/1TB SSD/Windows 11 Home/Backlit Keyboard/FPR/Black/1Y Onsite/1.41 kg), 21JKS1CT00",Lenovo,16GB,16GB ,Windows 11,,94990,3.7,i7,
"HP Smartchoice Victus, 13th Gen i7-13620H, 6GB RTX 4050, 16GB DDR4(Upgradeable) 512GB SSD, 144Hz, 300nits, FHD, 15.6''/39.6cm, Win11, M365* Office24, Mica Silver, 2.3kg, fa2100/03/04tx, Gaming Laptop",HP,6GB,6GB ,Windows 11,,92990,4.0,i7,
"Dell 15, Intel Core 3 14th Gen-100U, 16GB DDR4, 512GB SSD, FHD IPS, 15.6""/39.62cm, Win 11, Office H&S 2024, Carbon Black, 1.63Kg, [Dell 15], Intel UHD Graphics, 120Hz 250 nit, Thin & Light, Laptop",Dell,16GB,16GB ,Windows 11,,44326,3.9,,
"acer SmartChoice ALG, 13th Gen Intel Core i5-13420H, NVIDIA GeForce RTX 3050-6GB DDR6, 16GB RAM, 512GB SSD, FHD 15.6""/39.62 cm, 144Hz, Windows 11 Home, Steel Gray, 1.99 KG, AL15G-53,Gaming Laptop",acer,6GB,6GB ,Windows 11,,62990,4.0,i5,
ULTIMUS APEX Laptop Intel Pentium Quad Core 8 GB DDR3 512 GB SSD Expandable~1TB 14.1 HD IPS Laptop Anti-Glare Ultra Thin Bezel 180° Hinge 3.0x3 USB HDMI SD Card Slot Win 11 Home 1.25KG Silver,ULTIMUS,8GB,8 GB ,Windows 11,,18990,3.4,,
"HP 15 255R G10, AMD Ryzen 5 7535U Hexa Core (6 Core, 12 Threads, 2.9 to Max 4.3 Ghz) (8 GB/512 GB SSD/AMD Radeon Graphics/Windows 11) Thin and Light Laptop(15.6 inch HD Display, Matt Silver, 1.45 kg",HP,8GB,8 GB,Windows 11,,38990,4.5,Ryzen 5,
"Lenovo V15 AMD Ryzen 7 7730U 15.6"" (39.62cm) FHD 250 Nits Antiglare Thin and Light Laptop (Free MS Office) Lifetime (16GB/512GB SSD/Windows 11/Iron Grey/1.65 Kg) 1 Year Brand Warranty, 83CRA01SIN",Lenovo,16GB,16GB,Windows 11,,52999,4.1,Ryzen 7,
"HP OmniBook 7 OLED, Intel Core Ultra 7 255H (32GB LPDDR5,1TB SSD), 3K, 0.2 ms, Micro-Edge, 14''/35.6cm, Win 11, M365, Office 24, Meteor Silver,1.5kg, fr0116TU, 5MP Camera w/Shutter, Backlit AI Laptop",HP,32GB,32GB ,Windows 11,,118990,3.7,,
"Lenovo LOQ, AMD Ryzen 5 7235HS, RTX 3050-6GB, 24GB RAM, 512GB SSD, FHD, 15.6""/39.6cm, 144Hz, Windows 11, Office Home 2024, Grey, 2.4Kg, 3 Mon. Game Pass, 83JC00EFIN, Gaming Laptop",Lenovo,6GB,6GB,Windows 11,,76990,4.3,Ryzen 5,
"Thomson 15.6 Inch In-N15I Windows 11, Intel Corei3 12Th Gen 1215U (8GB DDR / 512GB SSD/Backlight Keyboard) Window 11 (Stylish, 1.65Kg, Ultra Performance/Grey Brush) Notebook",Thomson,8GB,8GB ,Windows 11,,26490,2.5,i3,15.6
"New Microsoft Surface Laptop5 15"" Intel evo 12 Gen i7 / 8GB / 256GB Platinum with Windows 11 Home, Microsoft 365 Family 30-Day Trial & Xbox Game Pass Ultimate 30-Day Trial",New,8GB,8GB ,Windows 11,,97990,3.1,i7,
"Dell 15, Intel Core i5 13th Gen-1334U, 16GB RAM, 1TB SSD, FHD, 15.6""/39.62cm, Windows 11, MSO 2024, Silver, 1.62kg, [Dell 15], Backlit Keyboard, 15 Month McAfee, Thin & Light, Laptop",Dell,16GB,16GB ,Windows 11,,57926,3.7,i5,
"Lenovo IdeaPad Slim 3 13th Gen Core i7-13620H 15.3"" (38.8cm) WUXGA IPS Laptop (24GB RAM/1TB SSD/Win 11/Office 2024/Backlit/1Yr ADP Free/Top Metal Cover & IR Camera/Grey/1.6Kg),83K100TEIN",Lenovo,24GB,24GB ,Windows 11,,90990,4.1,i7,
"HP Laptop 15, Intel Core i5-1335U-13th Gen, (16GB DDR4,512GB SSD) Anti-Glare, Micro-Edge, FHD, 15.6''/39.6cm, Win11, M365 Basic(1yr)* Office24, Silver, 1.59kg, Iris Xe, FHD Camera w/Shutter",HP,16GB,16GB ,Windows 11,,55990,4.0,i5,
"Lenovo ThinkBook 16, AMD Ryzen 7 7735HS, 16GB RAM, 512GB SSD, WUXGA IPS 16"", Windows 11 Home, Office 2024, 1.7kg, 21MWA0R4IN, Backlit Keyboard, Fingerprint, 300 Nits, 1Y Warranty, Aluminium Top Laptop",Lenovo,16GB,16GB ,Windows 11,,68490,4.3,Ryzen 7,
"Lenovo IdeaPad Slim 3 AMD Ryzen 7 8840HS 15.3 inch (38.8cm) WUXGA IPS Laptop (16GB RAM/512GB SSD/Windows 11/Office Home 2024/Backlit Keyboard/1Yr ADP Free/Grey/1.6Kg), 83KA004SIN",Lenovo,16GB,16GB ,Windows 11,,67490,4.8,Ryzen 7,
"Acer Aspire Lite, AMD Ryzen 7-7730U, 16 GB RAM, 512 GB SSD, Full HD IPS,15.6""/39.62 cm, Windows 11 Home, MS Office, Steel Gray, 1.59 KG, AL15-41, Thin and Light Laptop",Acer,16GB,16 GB ,Windows 11,,46990,4.0,Ryzen 7,
"Lenovo 14 (2025), Intel Core i5 13th Gen 13420H - (16 GB/512 GB SSD/Intel UHD Graphics/Windows 11 Pro) Thin and Light Business Laptop/14.0"" FHD Display/Iron Grey/1.4 kg/Microsoft Office 2021",Lenovo,16GB,16 GB,Windows 11,,54150,4.0,i5,
"Lenovo LOQ AMD Ryzen 5 7235HS | NVIDIA RTX 4050 6GB (16GB RAM/512GB SSD/144Hz Refresh Rate/15.6"" (39.6cm)/Windows 11/Office Home 2024/3 Mon. Game Pass/Grey/2.4Kg), 83JC00NYIN AI Gaming Laptop",Lenovo,6GB,6GB ,Windows 11,,79990,4.3,Ryzen 5,
"HP Professional 14 (2025), Intel Core i3 13th Gen 1315U - (16 GB/512 GB SSD/Intel UHD Graphics/Windows 11 Pro) Thin and Light Business Laptop/14.0"" HD Display/Turbo Silver/1.4 Kg/MSO 2021",HP,16GB,16 GB,Windows 11,,44200,5.0,i3,
"Dell 15, Intel Core 3, 14th Gen-100U, 8GB DDR4, 512GB SSD, FHD IPS, 15.6""/39.62cm, Win 11, Office H&S 2024, Carbon Black, 1.63Kg, Dell 15, Intel UHD Graphics, 120Hz 250 nit, Thin & Light, Laptop",Dell,8GB,8GB ,Windows 11,,39990,4.0,,
"Thomson 15.6 Inch In-N15I Windows 11, Intel Corei3 12Th Gen 1215U (8GB DDR / 512GB SSD/Backlight Keyboard) Window 11 (Stylish, 1.65Kg, Ultra Performance/Grey Brush) Notebook",Thomson,8GB,8GB ,Windows 11,,26490,2.5,i3,15.6
"Lenovo ThinkPad E14 Intel Core i7 13th Gen 14"" WUXGA IPS 300 Nits Thin and Light Laptop (16GB RAM/512GB SSD/DOS/Backlit Keyboard/Fingerprint/Arctic Grey/ 1Y Onsite/1.41 kg), 21JKS1FR00",Lenovo,16GB,16GB ,,,82490,4.0,i7,
"HP 15 Laptop, AMD Ryzen 5 7520U (16GB DDR5,512GB SSD) Win11,M365 Basic(1yr)*Office Home24, Anti-Glare,15.6''/39.6cm,FHD,Backlit KB,FHD Camera w/Privacy Shutter,Radeon Graphics, Silver,1.59kg FC0690AU",HP,16GB,16GB ,Windows 11,,45990,3.9,Ryzen 5,
"HP 15, AMD Ryzen 7 5825U (16GB DDR4, 512GB SSD) FHD, Anti-Glare, Micro-Edge,15.6''/39.6cm, Win11, M365(1yr)* Office24, Silver, 1.59kg, fc0476AU, Radeon Graphics, FHD Camera w/Shutter, Backlit Laptop",HP,16GB,16GB ,Windows 11,,49990,4.0,Ryzen 7,
"ASUS Vivobook Go 14, AMD Ryzen 5 7520U, 16GB RAM,512GB SSD,FHD,14,60Hz,42WHrs,Windows 11,M365 Basic (1Year)*,Office Home 2024,Mixed Black,Backlit KB,1.38 kg E1404FA-NK5542WS, Thin & Light Laptop",ASUS,16GB,16GB ,Windows 11,,42990,4.5,Ryzen 5,
"Apple 2025 MacBook Air (13-inch, Apple M4 chip with 10-core CPU and 8-core GPU, 16GB Unified Memory, 256GB) - Silver",Apple,16GB,16GB ,,,92699,4.7,,
"acer Aspire Lite, 13th Gen, Intel Core i7-13620H Processor, 16GB RAM, 512GB SSD, Full HD IPS,15.6""/39.62 cm, Windows 11 Home,MS Office Pure Silver, 1.70 kg, AL15-52H, Backlit kB,Thin and Light Laptop",acer,16GB,16GB ,Windows 11,,58990,4.0,i7,
"STRIFF Laptop Tabletop Stand, Adjustable Laptop Computer Stand, Multi-Angle, Portable Foldable Laptop Riser Notebook Holder Compatible for 9 to 15.6 Laptops (Black)",STRIFF,,,,,199,4.2,,
"Dell SmartChoice G15-5530, Intel Core i5 13th Gen - 13450HX, NVIDIA RTX 3050-6GB, 16GB RAM, 1TB SSD, FHD 15.6""/39.62 cm, Windows 11 Home, MS Office 21, Dark Shadow Grey, 2.65Kg Gaming Laptop",Dell,6GB,6GB,Windows 11,,77787,4.0,i5,
"HP 15 (2025), AMD Ryzen 3 7335U Quad Core - (8 GB DDR5/512 GB SSD/AMD Radeon Graphics/Windows 11 pro) Thin and Light Business Laptop/15.6"" FHD Display/Turbo Silver/1.5 kg/MSO 2024 / Copilot Key AI PC",HP,8GB,8 GB ,Windows 11,,37400,,Ryzen 3,
"Lenovo ThinkPad E14 Intel Core i7 13th Gen 14"" WUXGA IPS 300 Nits Thin and Light Laptop (16GB RAM/1TB SSD/Windows 11 Home/Backlit Keyboard/FPR/Black/1Y Onsite/1.41 kg), 21JKS1CT00",Lenovo,16GB,16GB ,Windows 11,,94990,3.7,i7,
"New Microsoft Surface Laptop5 15"" Intel evo 12 Gen i7 / 8GB / 256GB Platinum with Windows 11 Home, Microsoft 365 Family 30-Day Trial & Xbox Game Pass Ultimate 30-Day Trial",New,8GB,8GB ,Windows 11,,97990,3.1,i7,
"Dell 15, Intel Core i5 13th Gen-1334U, 16GB RAM, 1TB SSD, FHD, 15.6""/39.62cm, Windows 11, MSO 2024, Silver, 1.62kg, [Dell 15], Backlit Keyboard, 15 Month McAfee, Thin & Light, Laptop",Dell,16GB,16GB ,Windows 11,,57926,3.7,i5,
"Lenovo IdeaPad 5 2-in-1 Convertible Laptop, Intel Core i7-13620H, 13th Gen, 16GB RAM, 512GB SSD, WUXGA OLED 400Nit, 14""/35.5cm, Windows 11, Office Home 2024, Grey, 1.5kg, 83KX004RIN, FPR, 1Yr ADP Free",Lenovo,16GB,16GB ,Windows 11,,88800,4.2,i7,
"Samsung Galaxy Book4 (Gray, 16GB RAM, 512GB SSD) | 15.6"" Full HD Screen | Intel Core i5 1335U Processor | Windows 11 Home | MS Office 2021 | Fingerprint Reader | Intel Iris XE Graphics | RJ45 LAN Port",Samsung,16GB,16GB ,Windows 11,,55750,4.1,i5,
"Apple 2025 MacBook Air (13-inch, Apple M4 chip with 10-core CPU and 8-core GPU, 16GB Unified Memory, 256GB) - Silver",Apple,16GB,16GB ,,,92699,4.7,,
"Lenovo ThinkBook 16, AMD Ryzen 7 7735HS, 16GB RAM, 512GB SSD, WUXGA IPS 16"", Windows 11 Home, 1.7kg, 21MWA0AUIN, Backlit Keyboard, Fingerprint, 300 Nits, 1Y Warranty, Aluminium Top Laptop",Lenovo,16GB,16GB ,Windows 11,,63990,3.7,Ryzen 7,
"Lenovo LOQ, AMD Ryzen 5 7235HS, RTX 3050A-4GB, 12GB RAM, 512GB SSD, [FHD], 15.6""/39.6cm, 144Hz, Windows 11, Office Home 2024, Grey, 2.4Kg, 83JC00HNIN, 3 Mon. Game Pass, Gaming Laptop",Lenovo,4GB,4GB,Windows 11,,62516,4.1,Ryzen 5,
"HP Smartchoice Victus, AMD Ryzen 7 7445HS, 6GB RTX 3050, 16GB DDR5(Upgradeable) 512GB SSD, FHD, 144Hz, 300 nits, 15.6''/39.6cm, Win 11, M365* Office24, Blue, 2.29kg, fb3134AX/3120ax, Gaming Laptop",HP,6GB,6GB ,Windows 11,,74990,3.9,Ryzen 7,
"Lenovo V14 Intel Core i3 13th Gen 14"" FHD (1920x1080) Antiglare 250 Nits Thin and Light Laptop (8GB RAM/512GB SSD/Windows 11 Home/Office Home 2024/Iron Grey/1.43 kg), 83A0A0PBIN",Lenovo,8GB,8GB ,Windows 11,,45490,3.8,i3,
"ASUS Vivobook 15, 13th Gen, Intel Core i3-1315U, 8 GB RAM, 512GB SSD, FHD, Anti-Glare, 15.6"", 39.6 cm, Windows 11 Home, M365 Basic(1yr)* Office24, Cool Silver, 1.70 kg, X1504VA-BQ321WS, Laptop",ASUS,8GB,8 GB ,Windows 11,,36990,4.2,i3,
"acer Aspire Lite 12th Gen Intel Core i3-1215U Premium Metal Laptop (Windows 11 Home/16 GB RAM/512GB SSD) AL15-52, 39.62cm (15.6"") Full HD Display, Metal Body, Steel Gray, 1.59 Kg",acer,16GB,16 GB ,Windows 11,,37990,4.0,i3,
"Lenovo ThinkPad E14 Intel Core i7 13th Gen 14"" WUXGA IPS 300 Nits Thin and Light Laptop (16GB RAM/512GB SSD/DOS/Backlit Keyboard/Fingerprint/Arctic Grey/ 1Y Onsite/1.41 kg), 21JKS1FR00",Lenovo,16GB,16GB ,,,82490,4.0,i7,
"Lenovo IdeaPad Slim 3 13th Gen Core i7-13620H 15.3"" (38.8cm) WUXGA IPS Laptop (24GB RAM/1TB SSD/Win 11/Office 2024/Backlit/1Yr ADP Free/Top Metal Cover & IR Camera/Grey/1.6Kg),83K100TEIN",Lenovo,24GB,24GB ,Windows 11,,90990,4.1,i7,
"Lenovo IdeaPad Slim 3 12th Gen Intel Core i5-12450H 15.6 inch (39.6cm) FHD Laptop (16GB RAM/512GB SSD/Windows 11/Office Home 2024/1Yr ADP Free/Grey/1.62Kg), 83ER00KPIN",Lenovo,16GB,16GB ,Windows 11,,50600,3.9,i5,
"ASUS Vivobook 14 (2025),13th Gen, Intel Core i3-1315U, 8GB RAM, 512GB SSD, FHD, 14"", (35.5 cm) Windows 11 Home, M365 Basic(1 Year)* Office 2024,Cool Silver,1.4 Kg, X1404VA-EB321WS, Thin & Light Laptop",ASUS,8GB,8GB ,Windows 11,,36300,5.0,i3,
"ASUS Vivobook Go 15, AMD Ryzen 5 7520U Thin & Light Laptop(AMD Radeon iGPU/8GB RAM/512GB SSD/FHD/15.6""/60Hz/Windows 11/M365 Basic (1Year)*/Office Home 2024/Cool Silver/1.63 Kg) E1504FA-NJ132WS",ASUS,8GB,8GB ,Windows 11,,37990,4.0,Ryzen 5,
"Lenovo V15 G4 AMD Ryzen 5 7520U DOS 15.6 inch FHD Thin & Lite Laptop, AMD Graphics, 16GB DDR5 5500Mhz Ram, 512GB SSD,Dolby Audio,Premium Grey, 1 Year Onsite Brand Warranty",Lenovo,16GB,16GB ,,,44890,3.8,Ryzen 5,
"Lenovo IdeaPad Slim 1, AMD Ryzen 5 5500U, 16GB RAM, 512GB SSD, HD, 15.6"", Windows 11 Home, MS Office 21, Cloud Grey, 1.61Kg, 82R400ERIN, Integrated AMD Graphics, 1Yr ADP Free, Thin and Light Laptop",Lenovo,16GB,16GB ,Windows 11,,42000,4.0,Ryzen 5,
"ASUS Vivobook Go 14, AMD Ryzen 5 7520U, 8GB RAM, 512GB SSD, FHD 14""(1920 x 1080), Windows 11, Office Home 2024, M365 Basic (1Year)*, Black, 1.38kg, E1404FA-EB2522WS, AMD Radeon iGPU Laptop",ASUS,8GB,8GB ,Windows 11,,37325,5.0,Ryzen 5,
Ultimus Pentium Quad Core Laptop|Dual Storage eMMC+SSD Expandable~1TB|1.2Kg|180° Hinge|Win 11 Home|4GB RAM 128GB|Ultra-Thin Bezel|2.0x1 3.0x1 USB HDMI SD Card Slot | ‎Dual Speaker|Gray|NU14U8INB43SN,Ultimus,4GB,1TB,Windows 11,,12990,3.2,,
"HP 255 G10 Laptop for Home or Work, 16GB RAM DDR5, 512GB SSD, 15.6"" Full HD, Ryzen 3 7335U (Beats Intel i5-1135G7), HDMI, USB-C, Windows 11",HP,16GB,16GB ,Windows 11,,40599,4.2,Ryzen 3,
"Lenovo ThinkPad E14 Intel Core i7 13th Gen 14"" WUXGA IPS 300 Nits Thin and Light Laptop (16GB RAM/1TB SSD/Windows 11 Home/Backlit Keyboard/FPR/Black/1Y Onsite/1.41 kg), 21JKS1CT00",Lenovo,16GB,16GB ,Windows 11,,94990,3.7,i7,
"Thomson 15.6 Inch In-N15I Windows 11, Intel Corei3 12Th Gen 1215U (8GB DDR / 512GB SSD/Backlight Keyboard) Window 11 (Stylish, 1.65Kg, Ultra Performance/Grey Brush) Notebook",Thomson,8GB,8GB ,Windows 11,,26490,2.5,i3,15.6
"Lenovo IdeaPad Slim 3 13th Gen Core i7-13620H 15.3"" (38.8cm) WUXGA IPS Laptop (24GB RAM/1TB SSD/Win 11/Office 2024/Backlit/1Yr ADP Free/Top Metal Cover & IR Camera/Grey/1.6Kg),83K100TEIN",Lenovo,24GB,24GB ,Windows 11,,90990,4.1,i7,
"Dell 15, Intel Core i5 13th Gen-1334U, 16GB RAM, 1TB SSD, FHD, 15.6""/39.62cm, Windows 11, MSO 2024, Silver, 1.62kg, [Dell 15], Backlit Keyboard, 15 Month McAfee, Thin & Light, Laptop",Dell,16GB,16GB ,Windows 11,,57926,3.7,i5,
Ultimus Pentium Quad Core Laptop|Dual Storage eMMC+SSD Expandable~1TB|1.2Kg|180° Hinge|Win 11 Home|4GB RAM 128GB|Ultra-Thin Bezel|2.0x1 3.0x1 USB HDMI SD Card Slot | ‎Dual Speaker|Gray|NU14U8INB43SN,Ultimus,4GB,1TB,Windows 11,,12990,3.2,,
"Primebook 2 Pro 2025 (New Launch) | 8GB RAM, 128GB UFS Storage | 14.1-Inch FHD IPS Display | 14 Hours Battery | MediaTek Helio G99 | Android 15 (PrimeOS 3.0) | Backlit Keyboard | in-Built AI (Gray)",Primebook,8GB,8GB ,,,19990,4.4,,
"HP 255 G10 Laptop for Home or Work, 16GB RAM DDR5, 512GB SSD, 15.6"" Full HD, Ryzen 3 7335U (Beats Intel i5-1135G7), HDMI, USB-C, Windows 11",HP,16GB,16GB ,Windows 11,,40599,4.2,Ryzen 3,
"ASUS Vivobook 15, 13th Gen, Intel Core i3-1315U, 16GB RAM, 512GB SSD, FHD, Anti-Glare, 15.6"", 39.6 cm, Windows 11 Home, M365 Basic(1yr)* Office24, Quiet Blue, 1.70 kg, X1504VA-BQ342WS, Laptop",ASUS,16GB,16GB ,Windows 11,,40990,4.2,i3,
"Lenovo V15 G4 AMD Athlon Silver 7120U Laptop 8GB LPDDR5 Ram, 512 GB SSD PCIe, Windows 11 Lifetime Validity,15.6"" FHD Screen, AMD Radeon 610M, Silver, 1 Year Brand Warranty",Lenovo,8GB,8GB ,Windows 11,,32999,4.0,,
"ASUS Vivobook Go 15, 7000 Series, AMD Ryzen 3 7320U, 8 GB RAM, 512GB SSD, FHD, Anti-Glare, 15.6"", 39.6 cm, Windows 11 Home, M365 Basic(1yr)* Office24, Mixed Black, 1.63 kg, E1504FA-BQ2322WS, Laptop",ASUS,8GB,8 GB ,Windows 11,,38990,4.2,Ryzen 3,
"Lenovo IdeaPad Slim 1 AMD Ryzen 5 5500U 15.6"" HD Thin and Light Laptop (8GB/512GB SSD/Windows 11 Home/Office Home 2024/1 Year ADP Free/Grey/1.6Kg), 82R4011MIN",Lenovo,8GB,8GB,Windows 11,,37999,4.0,Ryzen 5,
"Lenovo V15 G4 AMD Ryzen 5 7520U 15.6 inch FHD Laptop, AMD Graphics, 16GB DDR5 5500Mhz Ram, 512GB SSD NVMe, Windows 11, Dolby Audio, Arctic Grey, 1 Year Onsite Brand Warranty",Lenovo,16GB,16GB ,Windows 11,,44890,4.0,Ryzen 5,
"Thomson 15.6 Inch In-N15I Windows 11, Intel Corei3 12Th Gen 1215U (8GB DDR / 512GB SSD/Backlight Keyboard) Window 11 (Stylish, 1.65Kg, Ultra Performance/Grey Brush) Notebook",Thomson,8GB,8GB ,Windows 11,,26490,2.5,i3,15.6
"Lenovo ThinkPad E14 Intel Core i7 13th Gen 14"" WUXGA IPS 300 Nits Thin and Light Laptop (16GB RAM/512GB SSD/DOS/Backlit Keyboard/Fingerprint/Arctic Grey/ 1Y Onsite/1.41 kg), 21JKS1FR00",Lenovo,16GB,16GB ,,,82490,4.0,i7,
"Lenovo ThinkBook 16 AMD Ryzen 5 7535HS (8GB RAM/512GB SSD/Win 11 Home/Office 2024/Backlit Keyboard/Fingerprint) 16"" WUXGA IPS 300 Nits Thin & Light Laptop/1Y Warranty/Aluminium Top/1.7kg, 21MWA0BRIN",Lenovo,8GB,8GB ,Windows 11,,47100,4.0,Ryzen 5,
"Portable Touchscreen, 15.6"" 1080P 60Hz Laptop Monitor, Lightweight Dual USB C HDMI Second Gaminig Display with Speakers, Travel Monitor for PS4/5 Xbox Switch MAC PC Phone",Portable,,,,,16999,4.1,,
"ASUS Vivobook 15,13th Gen,Intel Core i7-13620H(Intel UHD iGPU/16GB RAM/1TB SSD/FHD/15.6""/60Hz/Backlit Keyboard/42Whr/Windows 11/M365 Basic (1Year)*/Office Home 2024/Quiet Blue/1.7 Kg)X1502VA-BQ1298WS",ASUS,16GB,16GB ,Windows 11,,67990,4.0,i7,
"HP Pavilion Plus, Intel Core i5-1335U-13th Gen Laptop, (16GB LPDDR5x,512GB SSD),IPS, 300 nits, 14''(35.6cm) 2K,Win 11, M365 Basic(1yr), Office Home 24, Silver,1.38kg, 5MP Camera w/Shutter, ew0107TU",HP,16GB,16GB ,Windows 11,,61990,3.6,i5,
"Lenovo V15 AMD Ryzen 7 7730U 15.6"" (39.62cm) FHD 250 Nits Antiglare Thin and Light Laptop (16GB/512GB SSD/Windows 11/Iron Grey/1.65 Kg) Grey",Lenovo,16GB,16GB,Windows 11,,49999,4.2,Ryzen 7,
Ienovo ThinkPad L14 | InteI Core i5 11th Gen Processor | 8GB RAM/256GB SSD | 14″ FHD Display | Win 10 | A+ Condition Laptop (Refab),Ienovo,8GB,8GB ,Windows 10,,28995,5.0,i5,
"Primebook 2 Max 2025 (New Launch) | 8GB RAM, 256GB UFS Storage | 15.6-Inch Full HD IPS Display | 12hrs Battery | MediaTek Helio G99 | Android 15 (PrimeOS 3.0) | Backlit Keyboard | in-Built AI (Gray)",Primebook,8GB,8GB ,,,22990,4.3,,
"Dyazo Water Resistant Laptop Sleeve/Laptop case/laptop cover with Handle Compatible for 15 Inch to 15.6"" Inches laptops & Notebooks - Grey",Dyazo,,,,,298,4.3,,15
"Dell 15, Intel Core 3, 14th Gen-100U, 8GB DDR4, 512GB SSD, FHD IPS, 15.6""/39.62cm, Win 11, Office H&S 2024, Carbon Black, 1.63Kg, Dell 15, Intel UHD Graphics, 120Hz 250 nit, Thin & Light, Laptop",Dell,8GB,8GB ,Windows 11,,39990,4.0,,
Ultimus APEX5 Laptop Intel core i5 12th Gen 1235U Laptop 8GB RAM 512GB SSD Expandable~1TB FHD IPS 14.1 Win 11 Home ‎DDR4 SDRAM 3xUSB ‎SD Card Slot Iris Xe Graphics MS Office 365 (Trial) Silver,Ultimus,8GB,8GB ,Windows 11,,33990,3.7,i5,
